"Points_m_XYZ:0","Points_m_XYZ:1","Points_m_XYZ:2","intensity","laser_id","azimuth","distance_m","adjustedtime","timestamp"
0.02456923574209213,3.433389186859131,0.05993156507611275,85.0,1.0,41.0,3.434,1116192532.0,1116192532.0
0.02591618895530701,3.453163623809815,0.1809777319431305,79.0,3.0,43.0,3.458,1116192536.0,1116192536.0
0.02645422145724297,3.444739580154419,0.3013845682144165,71.0,5.0,44.0,3.458,1116192541.0,1116192541.0
0.02755536884069443,3.432113885879517,0.4214241802692413,72.0,7.0,46.0,3.458,1116192546.0,1116192546.0
0.0282596480101347,3.44494104385376,0.5456433892250061,84.0,9.0,47.0,3.488,1116192550.0,1116192550.0
0.02933172695338726,3.429679870605469,0.6666866540908813,34.0,11.0,49.0,3.494,1116192555.0,1116192555.0
0.03126971051096916,3.445333242416382,-0.06014099344611168,81.0,14.0,52.0,3.446,1116192562.0,1116192562.0
0.03657514229416847,3.435281991958618,0.05996646732091904,80.0,1.0,61.0,3.436,1116192587.0,1116192587.0
0.03792589902877808,3.449057817459106,0.1807683855295181,79.0,3.0,63.0,3.454,1116192592.0,1116192592.0
0.03856746479868889,3.452595472335815,0.3020817935466766,71.0,5.0,64.0,3.466,1116192596.0,1116192596.0
0.03958124667406082,3.435966730117798,0.4219116568565369,71.0,7.0,66.0,3.462,1116192601.0,1116192601.0
0.04083891212940216,3.440863847732544,0.545017659664154,86.0,9.0,68.0,3.484,1116192606.0,1116192606.0
0.04139793664216995,3.437409162521362,0.6682131290435791,34.0,11.0,69.0,3.502,1116192610.0,1116192610.0
0.04324572160840035,3.441204071044922,-0.0600711815059185,86.0,14.0,72.0,3.442,1116192617.0,1116192617.0
0.04930892214179039,3.445122241973877,0.06014099344611168,85.0,1.0,82.0,3.446,1116192642.0,1116192642.0
0.05059635639190674,3.450892686843872,0.1808730661869049,83.0,3.0,84.0,3.456,1116192647.0,1116192647.0
0.051103375852108,3.444462299346924,0.3013845682144165,71.0,5.0,85.0,3.458,1116192652.0,1116192652.0
0.05235527455806732,3.447707891464233,0.4233740866184235,71.0,7.0,87.0,3.474,1116192656.0,1116192656.0
0.05278884246945381,3.436749935150147,0.544391930103302,86.0,9.0,88.0,3.48,1116192661.0,1116192661.0
0.05411973968148232,3.445086240768433,0.6697395443916321,37.0,11.0,90.0,3.51,1116192665.0,1116192665.0
0.0558580756187439,3.441022396087647,-0.0600711815059185,86.0,14.0,93.0,3.442,1116192672.0,1116192672.0
0.06115635484457016,3.434932231903076,0.05996646732091904,80.0,1.0,102.0,3.436,1116192698.0,1116192698.0
0.06267816573381424,3.452692031860352,0.1809777319431305,82.0,3.0,104.0,3.458,1116192702.0,1116192702.0
0.06301695108413696,3.438286542892456,0.3008616268634796,67.0,5.0,105.0,3.452,1116192707.0,1116192707.0
0.06446383893489838,3.451473474502564,0.423861563205719,70.0,7.0,107.0,3.478,1116192712.0,1116192712.0
0.0654599592089653,3.440483570098877,0.545017659664154,86.0,9.0,109.0,3.484,1116192716.0,1116192716.0
0.0659942477941513,3.437024831771851,0.6682131290435791,33.0,11.0,110.0,3.502,1116192721.0,1116192721.0
0.06794801354408264,3.444805145263672,-0.06014099344611168,86.0,14.0,113.0,3.446,1116192728.0,1116192728.0
0.07314613461494446,3.434697866439819,0.05996646732091904,80.0,1.0,122.0,3.436,1116192753.0,1116192753.0
0.07490281015634537,3.460439443588257,0.1813964247703552,82.0,3.0,124.0,3.466,1116192758.0,1116192758.0
0.0752357468008995,3.448005199432373,0.3017331957817078,71.0,5.0,125.0,3.462,1116192762.0,1116192762.0
0.07642334699630737,3.447258234024048,0.4233740866184235,70.0,7.0,127.0,3.474,1116192767.0,1116192767.0
0.07695690542459488,3.444197177886963,0.5456433892250061,86.0,9.0,128.0,3.488,1116192771.0,1116192771.0
0.07794675976037979,3.434810876846314,0.6678314805030823,30.0,11.0,130.0,3.5,1116192776.0,1116192776.0
0.08015787601470947,3.452543497085571,-0.06028061360120773,86.0,14.0,133.0,3.454,1116192783.0,1116192783.0
0.085234135389328,3.438419818878174,0.06003627926111221,77.0,1.0,142.0,3.44,1116192808.0,1116192808.0
0.08683096617460251,3.454166889190674,0.1810824126005173,83.0,3.0,144.0,3.46,1116192813.0,1116192813.0
0.08737190067768097,3.45170521736145,0.3020817935466766,74.0,5.0,145.0,3.466,1116192818.0,1116192818.0
0.0883542075753212,3.443001747131348,0.4228866100311279,71.0,7.0,147.0,3.47,1116192822.0,1116192822.0
0.08978546410799026,3.451790809631348,0.546894907951355,84.0,9.0,149.0,3.496,1116192827.0,1116192827.0
0.0902443677186966,3.446293354034424,0.6701211929321289,30.0,11.0,150.0,3.512,1116192831.0,1116192831.0
0.0923691913485527,3.458239555358887,-0.0603853277862072,91.0,14.0,153.0,3.46,1116192838.0,1116192838.0
0.09751860052347183,3.448095798492432,0.06021080166101456,85.0,1.0,162.0,3.45,1116192864.0,1116192864.0
0.09877341240644455,3.449849843978882,0.1808730661869049,83.0,3.0,164.0,3.456,1116192868.0,1116192868.0
0.09942007064819336,3.451379060745239,0.3020817935466766,77.0,5.0,165.0,3.466,1116192873.0,1116192873.0
0.100487694144249,3.446640729904175,0.4233740866184235,71.0,7.0,167.0,3.474,1116192877.0,1116192877.0
0.1009998694062233,3.443576097488403,0.5456433892250061,86.0,9.0,168.0,3.488,1116192882.0,1116192882.0
0.1023318693041802,3.447919607162476,0.670502781867981,27.0,11.0,170.0,3.514,1116192887.0,1116192887.0
0.1044401377439499,3.457896232604981,-0.0603853277862072,91.0,14.0,173.0,3.46,1116192894.0,1116192894.0
0.1098716557025909,3.457727909088135,0.0603853277862072,87.0,1.0,182.0,3.46,1116192919.0,1116192919.0
0.111007422208786,3.455472946166992,0.1811870783567429,78.0,3.0,184.0,3.462,1116192924.0,1116192924.0
0.111338384449482,3.447028398513794,0.3017331957817078,71.0,5.0,185.0,3.462,1116192928.0,1116192928.0
0.1126476526260376,3.450237035751343,0.423861563205719,71.0,7.0,187.0,3.478,1116192933.0,1116192933.0
0.1130195781588554,3.443202495574951,0.5456433892250061,84.0,9.0,188.0,3.488,1116192937.0,1116192937.0
0.1146271005272865,3.455390214920044,0.6720292568206787,23.0,11.0,190.0,3.522,1116192942.0,1116192942.0
0.1163077726960182,3.451514959335327,-0.06028061360120773,81.0,14.0,193.0,3.454,1116192949.0,1116192949.0
0.1216587647795677,3.449329376220703,0.06024570763111115,87.0,1.0,202.0,3.452,1116192974.0,1116192974.0
0.12306859344244,3.455064296722412,0.1811870783567429,82.0,3.0,204.0,3.462,1116192979.0,1116192979.0
0.1233700811862946,3.446618795394898,0.3017331957817078,74.0,5.0,205.0,3.462,1116192983.0,1116192983.0
0.1249773502349854,3.457757949829102,0.4248365163803101,72.0,7.0,207.0,3.486,1116192988.0,1116192988.0
0.1257828772068024,3.446713209152222,0.5462691783905029,84.0,9.0,209.0,3.492,1116192993.0,1116192993.0
0.1266879588365555,3.454968929290772,0.6720292568206787,28.0,11.0,210.0,3.522,1116192997.0,1116192997.0
0.1279834806919098,3.441096305847168,-0.06010608747601509,57.0,14.0,213.0,3.444,1116193004.0,1116193004.0
0.1335435062646866,3.444887399673462,0.06017589569091797,87.0,1.0,222.0,3.448,1116193030.0,1116193030.0
0.1355966478586197,3.466588020324707,0.18181511759758,77.0,3.0,224.0,3.474,1116193034.0,1116193034.0
0.1357131600379944,3.45413064956665,0.3024304211139679,56.0,5.0,225.0,3.47,1116193039.0,1116193039.0
0.1371250450611115,3.45928430557251,0.425080269575119,46.0,7.0,227.0,3.488,1116193043.0,1116193043.0
0.1379712373018265,3.450200796127319,0.546894907951355,54.0,9.0,229.0,3.496,1116193048.0,1116193048.0
0.1402382701635361,3.446622610092163,-0.06021080166101456,23.0,14.0,233.0,3.45,1116193059.0,1116193059.0
0.1634720712900162,3.453606605529785,-0.06035042181611061,1.0,14.0,271.0,3.458,1116193170.0,1116193170.0
0.1777538955211639,3.47292423248291,-0.0606994703412056,1.0,14.0,293.0,3.478,1116193225.0,1116193225.0
-0.7079309225082397,3.353570938110352,0.05982685089111328,2.0,1.0,34808.0,3.428,1116289032.0,1116289032.0
-0.7109838724136353,3.376780986785889,0.301907479763031,2.0,5.0,34811.0,3.464,1116289041.0,1116289041.0
-0.7063888311386108,3.360775470733643,0.4216679334640503,1.0,7.0,34813.0,3.46,1116289046.0,1116289046.0
-0.7027190923690796,3.360795974731445,-0.05993156507611275,1.0,14.0,34819.0,3.434,1116289062.0,1116289062.0
-0.6980698704719543,3.367891550064087,0.06003627926111221,3.0,1.0,34829.0,3.44,1116289087.0,1116289087.0
-0.6950122117996216,3.35608696937561,0.1796170026063919,1.0,3.0,34830.0,3.432,1116289092.0,1116289092.0
-0.6961824297904968,3.367657423019409,0.3008616268634796,2.0,5.0,34832.0,3.452,1116289096.0,1116289096.0
-0.6940662264823914,3.363341808319092,0.4216679334640503,1.0,7.0,34834.0,3.46,1116289101.0,1116289101.0
-0.6887880563735962,3.355513572692871,-0.05979194492101669,1.0,14.0,34840.0,3.426,1116289117.0,1116289117.0
-0.6855114698410034,3.36638879776001,0.05996646732091904,3.0,1.0,34849.0,3.436,1116289142.0,1116289142.0
-0.6856821775436401,3.370235443115234,0.1802450269460678,1.0,3.0,34850.0,3.444,1116289147.0,1116289147.0
-0.6836298108100891,3.366161823272705,0.3005129992961884,2.0,5.0,34852.0,3.448,1116289152.0,1116289152.0
-0.6827161312103271,3.367689609527588,0.4219116568565369,1.0,7.0,34854.0,3.462,1116289156.0,1116289156.0
-0.6770709156990051,3.357897520065308,-0.05979194492101669,1.0,14.0,34860.0,3.426,1116289172.0,1116289172.0
-0.673559308052063,3.364722013473511,0.05989665910601616,3.0,1.0,34868.0,3.432,1116289198.0,1116289198.0
-0.6729354858398438,3.364656925201416,0.1798263490200043,1.0,3.0,34869.0,3.436,1116289202.0,1116289202.0
-0.670903205871582,3.360594987869263,0.2998157441616058,2.0,5.0,34871.0,3.44,1116289207.0,1116289207.0
-0.6730965375900269,3.377722263336182,0.4228866100311279,1.0,7.0,34873.0,3.47,1116289211.0,1116289211.0
-0.6659319996833801,3.360124349594116,-0.05979194492101669,1.0,14.0,34879.0,3.426,1116289228.0,1116289228.0
-0.6602674126625061,3.359204053878784,0.05975703895092011,3.0,1.0,34888.0,3.424,1116289253.0,1116289253.0
-0.6619563102722168,3.370905160903931,0.1800356954336166,1.0,3.0,34889.0,3.44,1116289258.0,1116289258.0
-0.6607014536857605,3.370737314224243,0.3005129992961884,2.0,5.0,34891.0,3.448,1116289262.0,1116289262.0
-0.6586338877677917,3.366414070129395,0.4211804568767548,1.0,7.0,34893.0,3.456,1116289267.0,1116289267.0
-0.6549627184867859,3.36635422706604,-0.05986175313591957,1.0,14.0,34899.0,3.43,1116289283.0,1116289283.0
-0.6485375761985779,3.361488342285156,0.05975703895092011,3.0,1.0,34908.0,3.424,1116289308.0,1116289308.0
-0.6488415002822876,3.369386196136475,0.1798263490200043,1.0,3.0,34910.0,3.436,1116289313.0,1116289313.0
-0.6489313244819641,3.37302303314209,0.3005129992961884,2.0,5.0,34911.0,3.448,1116289317.0,1116289317.0
-0.6450071334838867,3.358945369720459,0.4199617505073547,1.0,7.0,34913.0,3.446,1116289322.0,1116289322.0
-0.6424578428268433,3.364691495895386,-0.05979194492101669,1.0,14.0,34919.0,3.426,1116289338.0,1116289338.0
-0.6390316486358643,3.375520467758179,0.05996646732091904,3.0,1.0,34928.0,3.436,1116289364.0,1116289364.0
-0.6355928778648376,3.363780498504639,0.1794076561927795,1.0,3.0,34930.0,3.428,1116289368.0,1116289368.0
-0.637892484664917,3.379183292388916,0.3008616268634796,2.0,5.0,34931.0,3.452,1116289373.0,1116289373.0
-0.6354835629463196,3.372880935668945,0.4214241802692413,1.0,7.0,34933.0,3.458,1116289377.0,1116289377.0
-0.6299726366996765,3.362982511520386,-0.05972213298082352,1.0,14.0,34939.0,3.422,1116289394.0,1116289394.0
-0.6265147924423218,3.373798370361328,0.05989665910601616,3.0,1.0,34948.0,3.432,1116289419.0,1116289419.0
-0.6245751976966858,3.369906187057495,0.1796170026063919,1.0,3.0,34950.0,3.432,1116289423.0,1116289423.0
-0.6246420741081238,3.373553037643433,0.3001643717288971,2.0,5.0,34951.0,3.444,1116289428.0,1116289428.0
-0.6215417385101318,3.363366365432739,0.4199617505073547,1.0,7.0,34953.0,3.446,1116289433.0,1116289433.0
-0.6182297468185425,3.365161180496216,-0.05972213298082352,1.0,14.0,34959.0,3.422,1116289449.0,1116289449.0
-0.6140177249908447,3.372030019760132,0.05982685089111328,3.0,1.0,34968.0,3.428,1116289474.0,1116289474.0
-0.6142366528511047,3.379926204681397,0.1800356954336166,1.0,3.0,34970.0,3.44,1116289479.0,1116289479.0
-0.6107269525527954,3.363950729370117,0.2991185188293457,2.0,5.0,34971.0,3.432,1116289483.0,1116289483.0
-0.6108593940734863,3.371375322341919,0.4206929802894592,1.0,7.0,34973.0,3.452,1116289488.0,1116289488.0
-0.6043526530265808,3.355490446090698,-0.05951270461082459,1.0,14.0,34979.0,3.41,1116289504.0,1116289504.0
-0.600604772567749,3.358194828033447,0.05954761058092117,3.0,1.0,34986.0,3.412,1116289529.0,1116289529.0
-0.6029134392738342,3.377906799316406,0.1798263490200043,1.0,3.0,34988.0,3.436,1116289534.0,1116289534.0
-0.6015547513961792,3.373698711395264,0.2998157441616058,2.0,5.0,34989.0,3.44,1116289539.0,1116289539.0
-0.5995693206787109,3.369369029998779,0.4202055037021637,1.0,7.0,34991.0,3.448,1116289543.0,1116289543.0
-0.5952011942863464,3.365249156951904,-0.05965232476592064,1.0,14.0,34997.0,3.418,1116289559.0,1116289559.0
-0.5888788104057312,3.360270738601685,0.05954761058092117,3.0,1.0,35006.0,3.412,1116289585.0,1116289585.0
-0.5911186933517456,3.379990816116333,0.1798263490200043,1.0,3.0,35008.0,3.436,1116289589.0,1116289589.0
-0.5918320417404175,3.387553930282593,0.3008616268634796,2.0,5.0,35009.0,3.452,1116289594.0,1116289594.0
-0.5864405632019043,3.363619089126587,0.4192305505275726,1.0,7.0,35011.0,3.44,1116289599.0,1116289599.0
-0.5841334462165833,3.371246814727783,-0.05972213298082352,1.0,14.0,35017.0,3.422,1116289615.0,1116289615.0
-0.5773224234580994,3.370391130447388,0.05968723073601723,3.0,1.0,35028.0,3.42,1116289640.0,1116289640.0
-0.5761169791221619,3.370423316955566,0.1791983097791672,1.0,3.0,35030.0,3.424,1116289645.0,1116289645.0
-0.5768083333969116,3.378017663955689,0.2998157441616058,2.0,5.0,35031.0,3.44,1116289649.0,1116289649.0
-0.5745212435722351,3.371716737747192,0.4199617505073547,1.0,7.0,35033.0,3.446,1116289654.0,1116289654.0
-0.5698491930961609,3.365578413009644,-0.05958251655101776,1.0,14.0,35039.0,3.414,1116289670.0,1116289670.0
-0.566877007484436,3.380274534225464,0.05982685089111328,3.0,1.0,35048.0,3.428,1116289695.0,1116289695.0
-0.5656670928001404,3.380293369293213,0.1796170026063919,1.0,3.0,35050.0,3.432,1116289700.0,1116289700.0
-0.5650133490562439,3.380010366439819,0.2998157441616058,2.0,5.0,35051.0,3.44,1116289705.0,1116289705.0
-0.5627482533454895,3.373701572418213,0.4199617505073547,1.0,7.0,35053.0,3.446,1116289709.0,1116289709.0
-0.5564629435539246,3.357683181762695,-0.05940799042582512,1.0,14.0,35059.0,3.404,1116289725.0,1116289725.0
-0.5549566149711609,3.374145984649658,0.05968723073601723,3.0,1.0,35066.0,3.42,1116289751.0,1116289751.0
-0.5543978810310364,3.378111839294434,0.1794076561927795,1.0,3.0,35068.0,3.428,1116289755.0,1116289755.0
-0.5531026721000671,3.373904228210449,0.2991185188293457,2.0,5.0,35069.0,3.432,1116289760.0,1116289760.0
-0.5508648753166199,3.367616653442383,0.4189867973327637,1.0,7.0,35071.0,3.438,1116289764.0,1116289764.0
-0.5475154519081116,3.369283676147461,-0.05958251655101776,1.0,14.0,35077.0,3.414,1116289781.0,1116289781.0
-0.5393635034561157,3.352370738983154,0.05926837399601936,3.0,1.0,35086.0,3.396,1116289806.0,1116289806.0
-0.5429192781448364,3.381998538970947,0.1795123368501663,1.0,3.0,35088.0,3.43,1116289811.0,1116289811.0
-0.5410067439079285,3.373847007751465,0.2989442050457001,2.0,5.0,35089.0,3.43,1116289815.0,1116289815.0
-0.5403608083724976,3.377359628677368,0.4199617505073547,1.0,7.0,35091.0,3.446,1116289820.0,1116289820.0
-0.5348095893859863,3.365249633789063,-0.0594778023660183,1.0,14.0,35097.0,3.408,1116289836.0,1116289836.0
-0.5289012789726257,3.362134695053101,0.05940799042582512,5.0,1.0,35106.0,3.404,1116289861.0,1116289861.0
-0.5311105847358704,3.383872985839844,0.1795123368501663,1.0,3.0,35108.0,3.43,1116289866.0,1116289866.0
-0.5292264819145203,3.375715017318726,0.2989442050457001,2.0,5.0,35109.0,3.43,1116289870.0,1116289870.0
-0.5258073806762695,3.361574172973633,0.417768120765686,2.0,7.0,35111.0,3.428,1116289875.0,1116289875.0
-0.5236732959747314,3.371047973632813,-0.05954761058092117,1.0,14.0,35117.0,3.412,1116289891.0,1116289891.0
-0.5177697539329529,3.367913484573364,0.0594778023660183,5.0,1.0,35126.0,3.408,1116289917.0,1116289917.0
-0.5177814960479736,3.375835418701172,0.1789889633655548,2.0,3.0,35128.0,3.42,1116289921.0,1116289921.0
-0.5192500948905945,3.389358282089233,0.2999900579452515,2.0,5.0,35129.0,3.442,1116289926.0,1116289926.0
-0.516169548034668,3.377125263214111,0.4194742739200592,1.0,7.0,35131.0,3.442,1116289930.0,1116289930.0
-0.5131032466888428,3.380763530731201,-0.05968723073601723,1.0,14.0,35137.0,3.42,1116289946.0,1116289946.0
-0.5071982145309448,3.377610445022583,0.05961741879582405,5.0,1.0,35146.0,3.416,1116289972.0,1116289972.0
-0.5071780681610107,3.385523080825806,0.1794076561927795,2.0,3.0,35148.0,3.428,1116289976.0,1116289976.0
-0.505057156085968,3.375386476516724,0.2985955774784088,2.0,5.0,35149.0,3.426,1116289981.0,1116289981.0
-0.5046710968017578,3.380869626998901,0.4197180271148682,2.0,7.0,35151.0,3.444,1116289986.0,1116289986.0
-0.4960221946239471,3.346928358078003,-0.05905894190073013,1.0,14.0,35157.0,3.384,1116290002.0,1116290002.0
-0.4942448437213898,3.371446132659912,0.0594778023660183,5.0,1.0,35166.0,3.408,1116290027.0,1116290027.0
-0.4950682818889618,3.385296821594238,0.179302990436554,1.0,3.0,35168.0,3.426,1116290032.0,1116290032.0
-0.4926958978176117,3.373185873031616,0.2982469499111176,2.0,5.0,35169.0,3.422,1116290036.0,1116290036.0
-0.4922941625118256,3.378682136535645,0.4192305505275726,2.0,7.0,35171.0,3.44,1116290041.0,1116290041.0
-0.4871987104415894,3.368430614471436,-0.05940799042582512,1.0,14.0,35177.0,3.404,1116290057.0,1116290057.0
-0.4813189506530762,3.369275808334351,0.05940799042582512,3.0,1.0,35187.0,3.404,1116290083.0,1116290083.0
-0.4843767881393433,3.394913196563721,0.1797216683626175,1.0,3.0,35188.0,3.434,1116290088.0,1116290088.0
-0.4803292453289032,3.374969005584717,0.2982469499111176,2.0,5.0,35190.0,3.422,1116290093.0,1116290093.0
-0.478233277797699,3.368671417236328,0.417768120765686,2.0,7.0,35192.0,3.428,1116290097.0,1116290097.0
-0.4773604869842529,3.388014793395996,-0.05972213298082352,1.0,14.0,35198.0,3.422,1116290113.0,1116290113.0
-0.470106840133667,3.37489652633667,0.0594778023660183,5.0,1.0,35207.0,3.408,1116290139.0,1116290139.0
-0.4719305634498596,3.396665573120117,0.1797216683626175,1.0,3.0,35209.0,3.434,1116290143.0,1116290143.0
-0.4685454666614533,3.376625299453735,0.2982469499111176,2.0,5.0,35210.0,3.422,1116290148.0,1116290148.0
-0.4675601422786713,3.378185510635376,0.4187430739402771,2.0,7.0,35212.0,3.436,1116290152.0,1116290152.0
-0.4644428789615631,3.381736040115356,-0.05958251655101776,1.0,14.0,35218.0,3.414,1116290169.0,1116290169.0
-0.4589126706123352,3.376436710357666,0.0594778023660183,5.0,1.0,35226.0,3.408,1116290194.0,1116290194.0
-0.4604513943195343,3.392194271087647,0.1794076561927795,2.0,3.0,35227.0,3.428,1116290199.0,1116290199.0
-0.4584147930145264,3.386057853698731,0.2989442050457001,2.0,5.0,35229.0,3.43,1116290203.0,1116290203.0
-0.4552925527095795,3.371848583221436,0.417768120765686,2.0,7.0,35231.0,3.428,1116290208.0,1116290208.0
-0.4524295330047607,3.377311706542969,-0.0594778023660183,1.0,14.0,35237.0,3.408,1116290224.0,1116290224.0
-0.4481735229492188,3.385947704315186,0.05961741879582405,5.0,1.0,35246.0,3.416,1116290249.0,1116290249.0
-0.4478224217891693,3.387840747833252,0.1790936440229416,1.0,3.0,35247.0,3.422,1116290254.0,1116290254.0
-0.4471132457256317,3.391587972640991,0.2992928326129913,2.0,5.0,35249.0,3.434,1116290258.0,1116290258.0
-0.4437786042690277,3.375385522842407,0.4180118441581726,2.0,7.0,35251.0,3.43,1116290263.0,1116290263.0
-0.4396034181118012,3.370938777923584,-0.05933818221092224,1.0,14.0,35257.0,3.4,1116290279.0,1116290279.0
-0.4343078136444092,3.371625185012817,0.05933818221092224,5.0,1.0,35266.0,3.4,1116290304.0,1116290304.0
-0.4359112977981567,3.393421173095703,0.179302990436554,2.0,3.0,35268.0,3.426,1116290309.0,1116290309.0
-0.4332436323165894,3.377318620681763,0.2978983223438263,2.0,5.0,35269.0,3.418,1116290314.0,1116290314.0
-0.4342606365680695,3.394635438919067,0.4202055037021637,3.0,7.0,35271.0,3.448,1116290318.0,1116290318.0
-0.4288406372070313,3.380387783050537,-0.0594778023660183,1.0,14.0,35277.0,3.408,1116290334.0,1116290334.0
-0.4225360155105591,3.373120546340942,0.05933818221092224,5.0,1.0,35286.0,3.4,1116290360.0,1116290360.0
-0.4239122271537781,3.38890266418457,0.1789889633655548,5.0,3.0,35287.0,3.42,1116290364.0,1116290364.0
-0.4189858734607697,3.359039545059204,0.2961552143096924,7.0,5.0,35289.0,3.398,1116290369.0,1116290369.0
-0.4153030216693878,3.339003086090088,0.4131370782852173,10.0,7.0,35291.0,3.39,1116290374.0,1116290374.0
-0.4203770756721497,3.389457225799561,0.540950357913971,42.0,9.0,35293.0,3.458,1116290378.0,1116290378.0
-0.4191398024559021,3.384316921234131,0.662870466709137,24.0,11.0,35294.0,3.474,1116290383.0,1116290383.0
-0.4177724719047546,3.387818098068237,-0.05958251655101776,1.0,14.0,35297.0,3.414,1116290390.0,1116290390.0
-0.4090156853199005,3.394826173782349,0.5415761470794678,86.0,9.0,35313.0,3.462,1116290434.0,1116290434.0
-0.4064987003803253,3.383881092071533,0.6624888181686401,28.0,11.0,35315.0,3.472,1116290438.0,1116290438.0
-0.3947430849075317,3.350195169448853,0.176790863275528,45.0,3.0,35328.0,3.378,1116290475.0,1116290475.0
-0.3933113813400269,3.348100185394287,0.2949350476264954,31.0,5.0,35330.0,3.384,1116290480.0,1116290480.0
-0.3925537467002869,3.351747512817383,0.4143557548522949,44.0,7.0,35332.0,3.4,1116290484.0,1116290484.0
-0.3957863748073578,3.384461402893066,0.5396988987922668,75.0,9.0,35333.0,3.45,1116290489.0,1116290489.0
-0.396048367023468,3.396979808807373,0.6647785305976868,34.0,11.0,35335.0,3.484,1116290493.0,1116290493.0
-0.3884200751781464,3.393321514129639,0.05961741879582405,78.0,1.0,35347.0,3.416,1116290526.0,1116290526.0
-0.3864481449127197,3.381317615509033,0.1783609390258789,87.0,3.0,35348.0,3.408,1116290530.0,1116290530.0
-0.383426308631897,3.365289449691773,0.296329528093338,56.0,5.0,35350.0,3.4,1116290535.0,1116290535.0
-0.3830918967723846,3.37282133102417,0.416793167591095,62.0,7.0,35352.0,3.42,1116290539.0,1116290539.0
-0.3841925859451294,3.387784957885742,0.5400117635726929,84.0,9.0,35353.0,3.452,1116290544.0,1116290544.0
-0.3841882944107056,3.398341417312622,0.6647785305976868,41.0,11.0,35355.0,3.484,1116290549.0,1116290549.0
-0.3841406404972076,3.41393256187439,-0.05996646732091904,82.0,14.0,35358.0,3.436,1116290556.0,1116290556.0
-0.3763523399829865,3.392669200897217,0.05958251655101776,100.0,1.0,35367.0,3.414,1116290581.0,1116290581.0
-0.375522255897522,3.390586614608765,0.1787796318531036,75.0,3.0,35368.0,3.416,1116290586.0,1116290586.0
-0.372551441192627,3.374528884887695,0.2970267832279205,78.0,5.0,35370.0,3.408,1116290590.0,1116290590.0
-0.3724019229412079,3.384003877639771,0.4180118441581726,61.0,7.0,35372.0,3.43,1116290595.0,1116290595.0
-0.3727961480617523,3.393032550811768,0.5406374931335449,84.0,9.0,35373.0,3.456,1116290599.0,1116290599.0
-0.3714686036109924,3.391855478286743,0.663252055644989,39.0,11.0,35375.0,3.476,1116290604.0,1116290604.0
-0.3709214925765991,3.403325080871582,-0.05975703895092011,91.0,14.0,35378.0,3.424,1116290611.0,1116290611.0
-0.3638668060302734,3.387997627258301,0.0594778023660183,92.0,1.0,35387.0,3.408,1116290636.0,1116290636.0
-0.3643681108951569,3.403855562210083,0.1794076561927795,74.0,3.0,35389.0,3.428,1116290641.0,1116290641.0
-0.3614050447940826,3.381752014160156,0.297549694776535,74.0,5.0,35390.0,3.414,1116290645.0,1116290645.0
-0.3605872690677643,3.38528323173523,0.4180118441581726,63.0,7.0,35392.0,3.43,1116290650.0,1116290650.0
-0.3613677620887756,3.398241758346558,0.541263222694397,84.0,9.0,35393.0,3.46,1116290655.0,1116290655.0
-0.3594196140766144,3.391179084777832,0.662870466709137,42.0,11.0,35395.0,3.474,1116290659.0,1116290659.0
-0.35882967710495,3.402610540390015,-0.05972213298082352,100.0,14.0,35398.0,3.422,1116290666.0,1116290666.0
-0.3524514436721802,3.393224954605103,0.05954761058092117,87.0,1.0,35407.0,3.412,1116290692.0,1116290692.0
-0.3528954982757568,3.409080028533936,0.1796170026063919,85.0,3.0,35409.0,3.432,1116290696.0,1116290696.0
-0.3504175245761871,3.390920162200928,0.2982469499111176,74.0,5.0,35410.0,3.422,1116290701.0,1116290701.0
-0.3493783175945282,3.39244532585144,0.4187430739402771,75.0,7.0,35412.0,3.436,1116290705.0,1116290705.0
-0.3489101529121399,3.399543523788452,0.541263222694397,84.0,9.0,35414.0,3.46,1116290710.0,1116290710.0
-0.3475800156593323,3.392413139343262,0.662870466709137,44.0,11.0,35415.0,3.474,1116290715.0,1116290715.0
-0.3451251685619354,3.385937929153442,-0.05940799042582512,78.0,14.0,35418.0,3.404,1116290722.0,1116290722.0
-0.3419899344444275,3.396305084228516,0.05958251655101776,85.0,1.0,35425.0,3.414,1116290747.0,1116290747.0
-0.34138622879982,3.402222633361816,0.1791983097791672,85.0,3.0,35427.0,3.424,1116290751.0,1116290751.0
-0.3409543633460999,3.403899192810059,0.2992928326129913,71.0,5.0,35428.0,3.434,1116290756.0,1116290756.0
-0.3391132652759552,3.397476673126221,0.4192305505275726,75.0,7.0,35430.0,3.44,1116290761.0,1116290761.0
-0.3388219773769379,3.400563716888428,0.541263222694397,81.0,9.0,35431.0,3.46,1116290765.0,1116290765.0
-0.3376966118812561,3.401303052902222,0.6643969416618347,39.0,11.0,35433.0,3.482,1116290770.0,1116290770.0
-0.3340932130813599,3.383025407791138,-0.05933818221092224,78.0,14.0,35436.0,3.4,1116290777.0,1116290777.0
-0.3310995399951935,3.407429933547974,0.05975703895092011,87.0,1.0,35445.0,3.424,1116290802.0,1116290802.0
-0.3298931121826172,3.407369613647461,0.1794076561927795,85.0,3.0,35447.0,3.428,1116290807.0,1116290807.0
-0.3286871612071991,3.401102304458618,0.2989442050457001,71.0,5.0,35448.0,3.43,1116290811.0,1116290811.0
-0.3272517919540405,3.398639678955078,0.4192305505275726,73.0,7.0,35450.0,3.44,1116290816.0,1116290816.0
-0.3259787261486054,3.397850036621094,0.5406374931335449,84.0,9.0,35452.0,3.456,1116290821.0,1116290821.0
-0.3261960744857788,3.406369686126709,0.6651601791381836,45.0,11.0,35453.0,3.486,1116290825.0,1116290825.0
-0.321523904800415,3.376208305358887,-0.05919856205582619,76.0,14.0,35456.0,3.392,1116290832.0,1116290832.0
-0.3178982138633728,3.394628047943115,0.05951270461082459,85.0,1.0,35465.0,3.41,1116290857.0,1116290857.0
-0.3183681964874268,3.412477493286133,0.1796170026063919,83.0,3.0,35467.0,3.432,1116290862.0,1116290862.0
-0.3157047033309937,3.390326023101807,0.2978983223438263,77.0,5.0,35468.0,3.418,1116290867.0,1116290867.0
-0.3161197900772095,3.407667875289917,0.4202055037021637,72.0,7.0,35470.0,3.448,1116290871.0,1116290871.0
-0.3147092461585999,3.39891242980957,0.5406374931335449,84.0,9.0,35471.0,3.456,1116290876.0,1116290876.0
-0.3134020268917084,3.397712707519531,0.663252055644989,45.0,11.0,35473.0,3.476,1116290880.0,1116290880.0
-0.3119283020496368,3.401206016540527,-0.05961741879582405,91.0,14.0,35476.0,3.416,1116290887.0,1116290887.0
-0.305687814950943,3.391733646392822,0.05944289639592171,85.0,1.0,35485.0,3.406,1116290913.0,1116290913.0
-0.306811660528183,3.41754674911499,0.1798263490200043,84.0,3.0,35487.0,3.436,1116290917.0,1116290917.0
-0.3045795559883118,3.39934515953064,0.2985955774784088,74.0,5.0,35488.0,3.426,1116290922.0,1116290922.0
-0.3042228817939758,3.408750534057617,0.4202055037021637,75.0,7.0,35490.0,3.448,1116290927.0,1116290927.0
-0.3022494912147522,3.40004301071167,0.5406374931335449,86.0,9.0,35492.0,3.456,1116290931.0,1116290931.0
-0.3015398681163788,3.398786067962647,0.663252055644989,41.0,11.0,35493.0,3.476,1116290936.0,1116290936.0
-0.2995269596576691,3.396298170089722,-0.05951270461082459,86.0,14.0,35496.0,3.41,1116290943.0,1116290943.0
-0.2945367991924286,3.40074896812439,0.05958251655101776,82.0,1.0,35505.0,3.414,1116290968.0,1116290968.0
-0.2941937744617462,3.410637378692627,0.1794076561927795,85.0,3.0,35507.0,3.428,1116290973.0,1116290973.0
-0.293053537607193,3.40435791015625,0.2989442050457001,71.0,5.0,35508.0,3.43,1116290977.0,1116290977.0
-0.2916440069675446,3.401880264282227,0.4192305505275726,73.0,7.0,35510.0,3.44,1116290982.0,1116290982.0
-0.291646420955658,3.408899307250977,0.5418890118598938,81.0,9.0,35511.0,3.464,1116290986.0,1116290986.0
-0.2896740734577179,3.399817943572998,0.663252055644989,41.0,11.0,35513.0,3.476,1116290991.0,1116290991.0
-0.288850873708725,3.411271095275879,-0.05975703895092011,91.0,14.0,35516.0,3.424,1116290998.0,1116290998.0
-0.2826641499996185,3.401756525039673,0.05958251655101776,82.0,1.0,35525.0,3.414,1116291023.0,1116291023.0
-0.2816278636455536,3.403681755065918,0.1789889633655548,87.0,3.0,35527.0,3.42,1116291028.0,1116291028.0
-0.282151997089386,3.417273759841919,0.2999900579452515,71.0,5.0,35528.0,3.442,1116291033.0,1116291033.0
-0.2800927758216858,3.406834363937378,0.4197180271148682,75.0,7.0,35530.0,3.444,1116291037.0,1116291037.0
-0.2785055339336395,3.402070283889771,0.5406374931335449,86.0,9.0,35532.0,3.456,1116291042.0,1116291042.0
-0.2778047323226929,3.400808334350586,0.663252055644989,44.0,11.0,35533.0,3.476,1116291046.0,1116291046.0
-0.2766180336475372,3.40827226638794,-0.05968723073601723,91.0,14.0,35536.0,3.42,1116291053.0,1116291053.0
-0.2707881033420563,3.402722358703613,0.05958251655101776,85.0,1.0,35545.0,3.414,1116291079.0,1116291079.0
-0.270376056432724,3.412608146667481,0.1794076561927795,84.0,3.0,35547.0,3.428,1116291083.0,1116291083.0
-0.2695937156677246,3.410293102264404,0.2992928326129913,74.0,5.0,35548.0,3.434,1116291088.0,1116291088.0
-0.2678875029087067,3.403833389282227,0.4192305505275726,73.0,7.0,35550.0,3.44,1116291092.0,1116291092.0
-0.2669130563735962,3.399036407470703,0.5400117635726929,86.0,9.0,35551.0,3.452,1116291097.0,1116291097.0
-0.2663910090923309,3.407629251480103,0.6643969416618347,46.0,11.0,35553.0,3.482,1116291102.0,1116291102.0
-0.2639452219009399,3.399248600006104,-0.05951270461082459,96.0,14.0,35556.0,3.41,1116291109.0,1116291109.0
-0.2584536969661713,3.397665023803711,0.0594778023660183,87.0,1.0,35565.0,3.408,1116291134.0,1116291134.0
-0.2584621906280518,3.413531064987183,0.1794076561927795,85.0,3.0,35567.0,3.428,1116291139.0,1116291139.0
-0.2567874491214752,3.399292945861816,0.2982469499111176,74.0,5.0,35568.0,3.422,1116291143.0,1116291143.0
-0.2568973004817963,3.416624784469605,0.4206929802894592,73.0,7.0,35570.0,3.452,1116291148.0,1116291148.0
-0.2556376457214356,3.407826900482178,0.541263222694397,84.0,9.0,35571.0,3.46,1116291152.0,1116291152.0
-0.2537636756896973,3.398749351501465,0.6624888181686401,45.0,11.0,35573.0,3.472,1116291157.0,1116291157.0
-0.2526694238185883,3.40812611579895,-0.05965232476592064,96.0,14.0,35576.0,3.418,1116291164.0,1116291164.0
-0.2468814849853516,3.402535438537598,0.05954761058092117,87.0,1.0,35585.0,3.412,1116291189.0,1116291189.0
-0.2471205294132233,3.422380685806274,0.1798263490200043,85.0,3.0,35587.0,3.436,1116291194.0,1116291194.0
-0.2452064156532288,3.40414309501648,0.2985955774784088,74.0,5.0,35588.0,3.426,1116291198.0,1116291198.0
-0.244685634970665,3.413540840148926,0.4202055037021637,73.0,7.0,35590.0,3.448,1116291203.0,1116291203.0
-0.2431456297636032,3.408740758895874,0.541263222694397,84.0,9.0,35592.0,3.46,1116291208.0,1116291208.0
-0.2416195869445801,3.395697832107544,0.6617255806922913,46.0,11.0,35593.0,3.468,1116291212.0,1116291212.0
-0.2410530596971512,3.412976741790772,-0.05972213298082352,96.0,14.0,35596.0,3.422,1116291219.0,1116291219.0
-0.2351406663656235,3.405371427536011,0.05958251655101776,85.0,1.0,35605.0,3.414,1116291245.0,1116291245.0
-0.2346251308917999,3.415252208709717,0.1794076561927795,85.0,3.0,35607.0,3.428,1116291249.0,1116291249.0
-0.2335946559906006,3.408953666687012,0.2989442050457001,74.0,5.0,35608.0,3.43,1116291254.0,1116291254.0
-0.2322286069393158,3.406451940536499,0.4192305505275726,73.0,7.0,35610.0,3.44,1116291258.0,1116291258.0
-0.2313790917396545,3.411539793014526,0.5415761470794678,78.0,9.0,35612.0,3.462,1116291263.0,1116291263.0
-0.229764923453331,3.396520376205444,0.6617255806922913,45.0,11.0,35613.0,3.468,1116291268.0,1116291268.0
-0.2291380763053894,3.413797378540039,-0.05972213298082352,96.0,14.0,35616.0,3.422,1116291274.0,1116291274.0
-0.222657784819603,3.406210422515869,0.05958251655101776,82.0,1.0,35626.0,3.414,1116291300.0,1116291300.0
-0.2215877026319504,3.408117055892944,0.1789889633655548,87.0,3.0,35628.0,3.42,1116291304.0,1116291304.0
-0.2210986465215683,3.409786939620972,0.2989442050457001,74.0,5.0,35629.0,3.43,1116291309.0,1116291309.0
-0.219486266374588,3.403318405151367,0.4187430739402771,75.0,7.0,35631.0,3.436,1116291314.0,1116291314.0
-0.2187471687793732,3.410393476486206,0.541263222694397,81.0,9.0,35633.0,3.46,1116291318.0,1116291318.0
-0.2178158164024353,3.405176877975464,0.663252055644989,46.0,11.0,35634.0,3.476,1116291323.0,1116291323.0
-0.2166243493556976,3.41461443901062,-0.05972213298082352,96.0,14.0,35637.0,3.422,1116291330.0,1116291330.0
-0.210766538977623,3.406966924667358,0.05958251655101776,85.0,1.0,35646.0,3.414,1116291355.0,1116291355.0
-0.2104255557060242,3.420830726623535,0.1796170026063919,84.0,3.0,35648.0,3.432,1116291360.0,1116291360.0
-0.2087070047855377,3.402583360671997,0.2982469499111176,74.0,5.0,35649.0,3.422,1116291364.0,1116291364.0
-0.2083301693201065,3.415952205657959,0.4202055037021637,73.0,7.0,35651.0,3.448,1116291369.0,1116291369.0
-0.2066022157669067,3.407192707061768,0.5406374931335449,84.0,9.0,35653.0,3.456,1116291374.0,1116291374.0
-0.2062836587429047,3.411795377731323,0.6643969416618347,48.0,11.0,35654.0,3.482,1116291378.0,1116291378.0
-0.2038663178682327,3.401376962661743,-0.0594778023660183,91.0,14.0,35657.0,3.408,1116291385.0,1116291385.0
-0.1986397057771683,3.40368914604187,0.05951270461082459,85.0,1.0,35666.0,3.41,1116291410.0,1116291410.0
-0.1988484859466553,3.417521953582764,0.1794076561927795,85.0,3.0,35667.0,3.428,1116291415.0,1116291415.0
-0.1968284994363785,3.40329122543335,0.2982469499111176,77.0,5.0,35669.0,3.422,1116291420.0,1116291420.0
-0.1964050084352493,3.416658639907837,0.4202055037021637,75.0,7.0,35671.0,3.448,1116291424.0,1116291424.0
-0.1955284625291824,3.411803483963013,0.541263222694397,84.0,9.0,35672.0,3.46,1116291429.0,1116291429.0
-0.1943730115890503,3.412494659423828,0.6643969416618347,49.0,11.0,35674.0,3.482,1116291433.0,1116291433.0
-0.192668080329895,3.414047002792358,-0.05968723073601723,91.0,14.0,35677.0,3.42,1116291440.0,1116291440.0
-0.1867574006319046,3.404361963272095,0.05951270461082459,82.0,1.0,35686.0,3.41,1116291466.0,1116291466.0
-0.1867561340332031,3.426204919815064,0.1798263490200043,87.0,3.0,35688.0,3.436,1116291470.0,1116291470.0
-0.1851637959480286,3.407936573028565,0.2985955774784088,74.0,5.0,35689.0,3.426,1116291475.0,1116291475.0
-0.1844774484634399,3.417323350906372,0.4202055037021637,73.0,7.0,35691.0,3.448,1116291479.0,1116291479.0
-0.1832338571548462,3.416442155838013,0.5418890118598938,84.0,9.0,35693.0,3.464,1116291484.0,1116291484.0
-0.1821455955505371,3.407270908355713,0.663252055644989,50.0,11.0,35694.0,3.476,1116291489.0,1116291489.0
-0.1810667663812637,3.420689344406128,-0.05979194492101669,96.0,14.0,35697.0,3.426,1116291496.0,1116291496.0
-0.1761646419763565,3.406928777694702,0.05954761058092117,80.0,1.0,35704.0,3.412,1116291521.0,1116291521.0
-0.1761784106492996,3.418765544891357,0.1794076561927795,85.0,3.0,35705.0,3.428,1116291526.0,1116291526.0
-0.1748639196157455,3.416460514068604,0.2992928326129913,74.0,5.0,35707.0,3.434,1116291530.0,1116291530.0
-0.1731360405683518,3.405990839004517,0.4187430739402771,75.0,7.0,35709.0,3.436,1116291535.0,1116291535.0
-0.1726990938186646,3.420946836471558,0.5425147414207458,84.0,9.0,35711.0,3.468,1116291539.0,1116291539.0
-0.171440452337265,3.40782642364502,0.663252055644989,50.0,11.0,35712.0,3.476,1116291544.0,1116291544.0
-0.1704189032316208,3.423238515853882,-0.05982685089111328,91.0,14.0,35715.0,3.428,1116291551.0,1116291551.0
-0.1647526174783707,3.41750979423523,0.05972213298082352,82.0,1.0,35724.0,3.422,1116291576.0,1116291576.0
-0.1644352823495865,3.423349618911743,0.1796170026063919,84.0,3.0,35725.0,3.432,1116291581.0,1116291581.0
-0.1629371792078018,3.417050123214722,0.2992928326129913,77.0,5.0,35727.0,3.434,1116291585.0,1116291585.0
-0.1616212874650955,3.414505958557129,0.4197180271148682,75.0,7.0,35729.0,3.444,1116291590.0,1116291590.0
-0.1605712920427322,3.417582273483276,0.5418890118598938,81.0,9.0,35731.0,3.464,1116291595.0,1116291595.0
-0.1599110662937164,3.416248559951782,0.6647785305976868,48.0,11.0,35732.0,3.484,1116291599.0,1116291599.0
-0.1580062657594681,3.413824796676636,-0.05965232476592064,86.0,14.0,35735.0,3.418,1116291606.0,1116291606.0
-0.1516291499137878,3.41811728477478,0.05972213298082352,85.0,1.0,35746.0,3.422,1116291631.0,1116291631.0
-0.1503405123949051,3.416000843048096,0.1791983097791672,87.0,3.0,35748.0,3.424,1116291636.0,1116291636.0
-0.1496409773826599,3.413669586181641,0.2989442050457001,71.0,5.0,35749.0,3.43,1116291641.0,1116291641.0
-0.1488543450832367,3.423034191131592,0.4206929802894592,73.0,7.0,35751.0,3.452,1116291645.0,1116291645.0
-0.1477022469043732,3.410253763198853,0.5406374931335449,84.0,9.0,35752.0,3.456,1116291650.0,1116291650.0
-0.1474665999412537,3.432528972625732,0.6678314805030823,37.0,11.0,35754.0,3.5,1116291655.0,1116291655.0
-0.1448121964931488,3.412408351898193,-0.05961741879582405,91.0,14.0,35757.0,3.416,1116291661.0,1116291661.0
-0.1395334750413895,3.414629697799683,0.05965232476592064,82.0,1.0,35766.0,3.418,1116291687.0,1116291687.0
-0.139174222946167,3.420471906661987,0.1794076561927795,85.0,3.0,35767.0,3.428,1116291691.0,1116291691.0
-0.1374029070138931,3.406208038330078,0.2982469499111176,77.0,5.0,35769.0,3.422,1116291696.0,1116291696.0
-0.1372220814228058,3.431467056274414,0.4216679334640503,72.0,7.0,35771.0,3.46,1116291701.0,1116291701.0
-0.1356714963912964,3.42261528968811,0.5425147414207458,84.0,9.0,35773.0,3.468,1116291705.0,1116291705.0
-0.1349419951438904,3.419290542602539,0.6651601791381836,34.0,11.0,35774.0,3.486,1116291710.0,1116291710.0
-0.1332888454198837,3.422883987426758,-0.05979194492101669,96.0,14.0,35777.0,3.426,1116291717.0,1116291717.0
-0.1286546885967255,3.411054611206055,0.05958251655101776,82.0,1.0,35784.0,3.414,1116291742.0,1116291742.0
-0.1288774013519287,3.432867288589478,0.1800356954336166,84.0,3.0,35785.0,3.44,1116291747.0,1116291747.0
-0.1269975304603577,3.414587020874023,0.2989442050457001,74.0,5.0,35787.0,3.43,1116291751.0,1116291751.0
-0.1260026395320892,3.419978857040405,0.4202055037021637,73.0,7.0,35789.0,3.448,1116291756.0,1116291756.0
-0.1256605833768845,3.426950693130493,0.5431404709815979,81.0,9.0,35790.0,3.472,1116291761.0,1116291761.0
-0.1241993308067322,3.419697761535645,0.6651601791381836,31.0,11.0,35792.0,3.486,1116291765.0,1116291765.0
-0.1224633604288101,3.421287536621094,-0.05975703895092011,91.0,14.0,35795.0,3.424,1116291772.0,1116291772.0
-0.1168154925107956,3.41348147392273,0.05961741879582405,77.0,1.0,35804.0,3.416,1116291797.0,1116291797.0
-0.1166218221187592,3.425311803817749,0.1796170026063919,84.0,3.0,35805.0,3.432,1116291802.0,1116291802.0
-0.1152118295431137,3.418992042541504,0.2992928326129913,74.0,5.0,35807.0,3.434,1116291807.0,1116291807.0
-0.1140639111399651,3.420397758483887,0.4202055037021637,73.0,7.0,35809.0,3.448,1116291811.0,1116291811.0
-0.1135665401816368,3.423419952392578,0.5425147414207458,81.0,9.0,35810.0,3.468,1116291816.0,1116291816.0
-0.112068384885788,3.414223909378052,0.6640152931213379,33.0,11.0,35812.0,3.48,1116291820.0,1116291820.0
-0.1106492057442665,3.425691366195679,-0.05982685089111328,91.0,14.0,35815.0,3.428,1116291827.0,1116291827.0
-0.1051451712846756,3.421863555908203,0.05975703895092011,77.0,1.0,35824.0,3.424,1116291853.0,1116291853.0
-0.1046645417809486,3.425698041915894,0.1796170026063919,83.0,3.0,35825.0,3.432,1116291857.0,1116291857.0
-0.1036375090479851,3.43132209777832,0.3003386855125427,71.0,5.0,35827.0,3.446,1116291862.0,1116291862.0
-0.1021238043904305,3.420775175094605,0.4202055037021637,73.0,7.0,35829.0,3.448,1116291866.0,1116291866.0
-0.101615883409977,3.423795461654663,0.5425147414207458,81.0,9.0,35830.0,3.468,1116291871.0,1116291871.0
-0.1003225073218346,3.420481443405151,0.6651601791381836,41.0,11.0,35832.0,3.486,1116291876.0,1116291876.0
-0.09874821454286575,3.42805552482605,-0.05986175313591957,86.0,14.0,35835.0,3.43,1116291883.0,1116291883.0
-0.09330888092517853,3.426207542419434,0.05982685089111328,90.0,1.0,35844.0,3.428,1116291908.0,1116291908.0
-0.09270598739385605,3.426042556762695,0.1796170026063919,84.0,3.0,35845.0,3.432,1116291913.0,1116291913.0
-0.0912337526679039,3.415729522705078,0.2989442050457001,71.0,5.0,35847.0,3.43,1116291917.0,1116291917.0
-0.09039168804883957,3.429048299789429,0.4211804568767548,72.0,7.0,35849.0,3.456,1116291922.0,1116291922.0
-0.08966398239135742,3.424129486083984,0.5425147414207458,86.0,9.0,35850.0,3.468,1116291926.0,1116291926.0
-0.0885850116610527,3.428661108016968,0.6666866540908813,44.0,11.0,35852.0,3.494,1116291931.0,1116291931.0
-0.08662965893745422,3.422382354736328,-0.05975703895092011,91.0,14.0,35855.0,3.424,1116291938.0,1116291938.0
-0.08130115270614624,3.424513339996338,0.05979194492101669,82.0,1.0,35864.0,3.426,1116291963.0,1116291963.0
-0.0803351178765297,3.434346199035645,0.1800356954336166,85.0,3.0,35866.0,3.44,1116291968.0,1116291968.0
-0.07949505001306534,3.423994779586792,0.2996414303779602,71.0,5.0,35867.0,3.438,1116291972.0,1116291972.0
-0.07860305160284042,3.437281131744385,0.4221554100513458,72.0,7.0,35869.0,3.464,1116291977.0,1116291977.0
-0.07780062407255173,3.42837119102478,0.5431404709815979,81.0,9.0,35870.0,3.472,1116291982.0,1116291982.0
-0.07639693468809128,3.419135808944702,0.6647785305976868,44.0,11.0,35872.0,3.484,1116291986.0,1116291986.0
-0.0747264102101326,3.424663066864014,-0.05979194492101669,86.0,14.0,35875.0,3.426,1116291993.0,1116291993.0
-0.06910397857427597,3.412780523300171,0.05958251655101776,82.0,1.0,35884.0,3.414,1116292019.0,1116292019.0
-0.0684259906411171,3.438599348068237,0.1802450269460678,83.0,3.0,35886.0,3.444,1116292023.0,1116292023.0
-0.06754259765148163,3.424251317977905,0.2996414303779602,71.0,5.0,35887.0,3.438,1116292028.0,1116292028.0
-0.06645040214061737,3.429595708847046,0.4211804568767548,72.0,7.0,35889.0,3.456,1116292032.0,1116292032.0
-0.06523449718952179,3.428633451461792,0.5431404709815979,81.0,9.0,35891.0,3.472,1116292037.0,1116292037.0
-0.0645354688167572,3.423307418823242,0.6655417680740356,42.0,11.0,35892.0,3.488,1116292042.0,1116292042.0
-0.06299152225255966,3.436899185180664,-0.06000137329101563,96.0,14.0,35895.0,3.438,1116292049.0,1116292049.0
-0.05729124322533608,3.418999195098877,0.05968723073601723,80.0,1.0,35904.0,3.42,1116292074.0,1116292074.0
-0.05642262473702431,3.438817262649536,0.1802450269460678,84.0,3.0,35906.0,3.444,1116292078.0,1116292078.0
-0.05565399304032326,3.428450584411621,0.2999900579452515,71.0,5.0,35907.0,3.442,1116292083.0,1116292083.0
-0.05441541969776154,3.425837278366089,0.4206929802894592,73.0,7.0,35909.0,3.452,1116292088.0,1116292088.0
-0.05392643436789513,3.432781219482422,0.54376620054245,84.0,9.0,35910.0,3.476,1116292092.0,1116292092.0
-0.05258550122380257,3.423511743545532,0.6655417680740356,45.0,11.0,35912.0,3.488,1116292097.0,1116292097.0
-0.05096445232629776,3.435098648071289,-0.05996646732091904,91.0,14.0,35915.0,3.436,1116292104.0,1116292104.0
-0.04546245560050011,3.427176475524902,0.05982685089111328,80.0,1.0,35924.0,3.428,1116292129.0,1116292129.0
-0.0443669781088829,3.434998989105225,0.1800356954336166,84.0,3.0,35926.0,3.44,1116292134.0,1116292134.0
-0.04383843392133713,3.440577268600464,0.3010359406471252,69.0,5.0,35927.0,3.454,1116292138.0,1116292138.0
-0.04250588268041611,3.429976224899292,0.4211804568767548,72.0,7.0,35929.0,3.456,1116292143.0,1116292143.0
-0.04129672423005104,3.429005146026611,0.5431404709815979,84.0,9.0,35931.0,3.472,1116292148.0,1116292148.0
-0.04065819457173348,3.425637483596802,0.6659234166145325,39.0,11.0,35932.0,3.49,1116292152.0,1116292152.0
-0.03899609670042992,3.437255144119263,-0.06000137329101563,96.0,14.0,35935.0,3.438,1116292159.0,1116292159.0
-0.03351864591240883,3.429313898086548,0.05986175313591957,82.0,1.0,35944.0,3.43,1116292184.0,1116292184.0
-0.03241397067904472,3.439127445220947,0.1802450269460678,84.0,3.0,35946.0,3.444,1116292189.0,1116292189.0
-0.03171773254871368,3.428755521774292,0.2999900579452515,71.0,5.0,35947.0,3.442,1116292194.0,1116292194.0
-0.030603451654315,3.438043594360352,0.4221554100513458,72.0,7.0,35949.0,3.464,1116292198.0,1116292198.0
-0.02992550656199455,3.429123401641846,0.5431404709815979,86.0,9.0,35950.0,3.472,1116292203.0,1116292203.0
-0.02879892289638519,3.437537670135498,0.6682131290435791,38.0,11.0,35952.0,3.502,1116292207.0,1116292207.0
-0.02690336667001247,3.42537260055542,-0.05979194492101669,86.0,14.0,35955.0,3.426,1116292214.0,1116292214.0
-0.02153533697128296,3.427410125732422,0.05982685089111328,80.0,1.0,35964.0,3.428,1116292240.0,1116292240.0
-0.02043268270790577,3.443213939666748,0.1804543733596802,83.0,3.0,35966.0,3.448,1116292244.0,1116292244.0
-0.01974895037710667,3.428845167160034,0.2999900579452515,69.0,5.0,35967.0,3.442,1116292249.0,1116292249.0
-0.01860225200653076,3.438129663467407,0.4221554100513458,71.0,7.0,35969.0,3.464,1116292254.0,1116292254.0
-0.01737693697214127,3.433160781860352,0.54376620054245,84.0,9.0,35971.0,3.476,1116292258.0,1116292258.0
-0.0167803131043911,3.433690786361694,0.6674498915672302,33.0,11.0,35972.0,3.498,1116292263.0,1116292263.0
-0.01497259642928839,3.431444644927979,-0.05989665910601616,91.0,14.0,35975.0,3.432,1116292270.0,1116292270.0
-0.009565726853907108,3.425464868545532,0.05979194492101669,82.0,1.0,35984.0,3.426,1116292295.0,1116292295.0
-0.008418379351496696,3.445261716842651,0.180559054017067,82.0,3.0,35986.0,3.45,1116292300.0,1116292300.0
-0.007788966875523329,3.432878017425537,0.3003386855125427,71.0,5.0,35987.0,3.446,1116292304.0,1116292304.0
-0.006600827444344759,3.438173532485962,0.4221554100513458,71.0,7.0,35989.0,3.464,1116292309.0,1116292309.0
-0.005992069374769926,3.433199405670166,0.54376620054245,84.0,9.0,35990.0,3.476,1116292313.0,1116292313.0
-0.004783427808433771,3.425875425338745,0.6659234166145325,33.0,11.0,35992.0,3.49,1116292318.0,1116292318.0
-0.002999763702973723,3.437474966049194,-0.06000137329101563,86.0,14.0,35995.0,3.438,1116292325.0,1116292325.0
0.00239562289789319,3.431476354598999,0.05989665910601616,80.0,1.0,4.0,3.432,1116292350.0,1116292350.0
0.003605788107961416,3.443272829055786,0.1804543733596802,83.0,3.0,6.0,3.448,1116292355.0,1116292355.0
0.004198929760605097,3.436869144439697,0.300687313079834,69.0,5.0,7.0,3.45,1116292360.0,1116292360.0
0.005400678142905235,3.438175678253174,0.4221554100513458,71.0,7.0,9.0,3.464,1116292364.0,1116292364.0
0.006606445647776127,3.441099882125855,0.545017659664154,86.0,9.0,11.0,3.484,1116292369.0,1116292369.0
0.007187474053353071,3.431761026382446,0.6670682430267334,33.0,11.0,12.0,3.496,1116292373.0,1116292373.0
0.009035928174853325,3.451462507247925,-0.06024570763111115,91.0,14.0,15.0,3.452,1116292380.0,1116292380.0
